<?xml version="1.0" encoding="UTF-8"?>
<project-private xmlns="http://www.netbeans.org/ns/project-private/1">
    <editor-bookmarks xmlns="http://www.netbeans.org/ns/editor-bookmarks/2" lastBookmarkId="0"/>
    <open-files xmlns="http://www.netbeans.org/ns/projectui-open-files/2">
        <group>
            <file>file:/C:/Users/yugog/Desktop/Nouveau%20dossier%20(2)/src/b_demart_erwan/SpreadDisease.fxml</file>
            <file>file:/C:/Users/yugog/Desktop/Nouveau%20dossier%20(2)/src/b_demart_erwan/jeuxAff.fxml</file>
            <file>file:/C:/Users/yugog/Desktop/Nouveau%20dossier%20(2)/src/b_demart_erwan/B_DEMART_Erwan.java</file>
            <file>file:/C:/Users/yugog/Desktop/Nouveau%20dossier%20(2)/src/ClasseAdvencedWars/Maps.java</file>
            <file>file:/C:/Users/yugog/Desktop/Nouveau%20dossier%20(2)/src/b_demart_erwan/JeuxAffControlleur.java</file>
        </group>
    </open-files>
</project-private>
